<?xml version="1.0" encoding="UTF-8" ?>
<!-- This is a WordPress eXtended RSS file generated by WordPress as an export of your site. -->
<!-- It contains information about your site's posts, pages, comments, categories, and other content. -->
<!-- You may use this file to transfer that content from one site to another. -->
<!-- This file is not intended to serve as a complete backup of your site. -->

<!-- To import this information into a WordPress site follow these steps: -->
<!-- 1. Log in to that site as an administrator. -->
<!-- 2. Go to Tools: Import in the WordPress admin panel. -->
<!-- 3. Install the "WordPress" importer from the list. -->
<!-- 4. Activate & Run Importer. -->
<!-- 5. Upload this file using the form provided on that page. -->
<!-- 6. You will first be asked to map the authors in this export file to users -->
<!--    on the site. For each author, you may choose to map to an -->
<!--    existing user on the site or to create a new user. -->
<!-- 7. WordPress will then import each of the posts, pages, comments, categories, etc. -->
<!--    contained in this file into your site. -->

<!-- generator="WordPress.com" created="2020-09-18 07:56"-->
<rss version="2.0"
	xmlns:excerpt="http://wordpress.org/export/1.2/excerpt/"
	xmlns:content="http://purl.org/rss/1.0/modules/content/"
	xmlns:wfw="http://wellformedweb.org/CommentAPI/"
	xmlns:dc="http://purl.org/dc/elements/1.1/"
	xmlns:wp="http://wordpress.org/export/1.2/"
>

<channel>
	<title>Site Title</title>
	<link>https://indimedia203028101.wordpress.com</link>
	<description></description>
	<pubDate>Fri, 18 Sep 2020 07:56:01 +0000</pubDate>
	<language></language>
	<wp:wxr_version>1.2</wp:wxr_version>
	<wp:base_site_url>http://wordpress.com/</wp:base_site_url>
	<wp:base_blog_url>https://indimedia203028101.wordpress.com</wp:base_blog_url>

	<wp:author><wp:author_id>31721873</wp:author_id><wp:author_login><![CDATA[trickstah2277]]></wp:author_login><wp:author_email><![CDATA[andr.ottosen@gmail.com]]></wp:author_email><wp:author_display_name><![CDATA[trickstah2277]]></wp:author_display_name><wp:author_first_name><![CDATA[]]></wp:author_first_name><wp:author_last_name><![CDATA[]]></wp:author_last_name></wp:author>

	<wp:category><wp:term_id>1</wp:term_id><wp:category_nicename>uncategorized</wp:category_nicename><wp:category_parent></wp:category_parent><wp:cat_name><![CDATA[Uncategorized]]></wp:cat_name>
</wp:category>
	<wp:term><wp:term_id>1359</wp:term_id><wp:term_taxonomy>nav_menu</wp:term_taxonomy><wp:term_slug><![CDATA[primary]]></wp:term_slug><wp:term_name><![CDATA[Primary]]></wp:term_name>
</wp:term>
	<wp:term><wp:term_id>1360</wp:term_id><wp:term_taxonomy>nav_menu</wp:term_taxonomy><wp:term_slug><![CDATA[social]]></wp:term_slug><wp:term_name><![CDATA[Social]]></wp:term_name>
</wp:term>

	<generator>http://wordpress.com/</generator>
<image>
		<url>http://s0.wp.com/i/buttonw-com.png</url>
		<title>Site Title</title>
		<link>https://indimedia203028101.wordpress.com</link>
	</image>
		
	<item>
		<title>Home</title>
		<link>https://indimedia203028101.wordpress.com/</link>
		<pubDate>Fri, 18 Sep 2020 07:47:21 +0000</pubDate>
		<dc:creator>trickstah2277</dc:creator>
		<guid isPermaLink="false">https://indimedia203028101.wordpress.com/?page_id=5</guid>
		<description></description>
		<content:encoded><![CDATA[<!-- wp:cover {"url":"https:\/\/indimedia203028101.files.wordpress.com\/2020\/09\/qi-bin-w4hbafegiac-unsplash.jpg","id":26,"dimRatio":10,"align":"full"} -->
<div class="wp-block-cover alignfull has-background-dim-10 has-background-dim" style="background-image:url('https://indimedia203028101.files.wordpress.com/2020/09/qi-bin-w4hbafegiac-unsplash.jpg');"><div class="wp-block-cover__inner-container"><!-- wp:jetpack/layout-grid {"column1DesktopSpan":8,"column1DesktopOffset":2,"column1TabletSpan":8,"column1MobileSpan":4,"column2DesktopOffset":4,"className":"column1-desktop-grid__span-8 column1-desktop-grid__start-3 column1-desktop-grid__row-1 column1-tablet-grid__span-8 column1-tablet-grid__row-1 column1-mobile-grid__span-4 column1-mobile-grid__row-1"} -->
<div class="wp-block-jetpack-layout-grid alignfull column1-desktop-grid__span-8 column1-desktop-grid__start-3 column1-desktop-grid__row-1 column1-tablet-grid__span-8 column1-tablet-grid__row-1 column1-mobile-grid__span-4 column1-mobile-grid__row-1"><!-- wp:jetpack/layout-grid-column -->
<div class="wp-block-jetpack-layout-grid-column wp-block-jetpack-layout-grid__padding-none"><!-- wp:heading {"align":"center","level":1} -->
<h1 class="has-text-align-center">Welcome to your new site.</h1>
<!-- /wp:heading -->

<!-- wp:paragraph {"align":"center"} -->
<p class="has-text-align-center">Welcome to your new site! You can edit this page by clicking on the Edit link. For more information about customizing your site check out <a href="https://href.li/?http://learn.wordpress.com/">http://learn.wordpress.com/</a></p>
<!-- /wp:paragraph -->

<!-- wp:buttons {"align":"center"} -->
<div class="wp-block-buttons aligncenter"><!-- wp:button -->
<div class="wp-block-button"><a class="wp-block-button__link" href="http://learn.wordpress.com" title="learn.wordpress.com">Learn more</a></div>
<!-- /wp:button --></div>
<!-- /wp:buttons --></div>
<!-- /wp:jetpack/layout-grid-column --></div>
<!-- /wp:jetpack/layout-grid --></div></div>
<!-- /wp:cover -->

<!-- wp:group {"backgroundColor":"background","align":"full"} -->
<div class="wp-block-group alignfull has-background-background-color has-background"><div class="wp-block-group__inner-container"><!-- wp:jetpack/layout-grid {"column1DesktopSpan":12,"column1TabletSpan":8,"column1MobileSpan":4,"column2DesktopOffset":3,"className":"column1-desktop-grid__span-12 column1-desktop-grid__row-1 column1-tablet-grid__span-8 column1-tablet-grid__row-1 column1-mobile-grid__span-4 column1-mobile-grid__row-1"} -->
<div class="wp-block-jetpack-layout-grid alignfull column1-desktop-grid__span-12 column1-desktop-grid__row-1 column1-tablet-grid__span-8 column1-tablet-grid__row-1 column1-mobile-grid__span-4 column1-mobile-grid__row-1"><!-- wp:jetpack/layout-grid-column -->
<div class="wp-block-jetpack-layout-grid-column wp-block-jetpack-layout-grid__padding-none"><!-- wp:heading {"level":4} -->
<h4>Latest from the Blog</h4>
<!-- /wp:heading -->

<!-- wp:a8c/blog-posts {"imageShape":"uncropped","showAuthor":false,"showAvatar":false,"postLayout":"grid","typeScale":3} /--></div>
<!-- /wp:jetpack/layout-grid-column --></div>
<!-- /wp:jetpack/layout-grid --></div></div>
<!-- /wp:group -->

<!-- wp:group {"backgroundColor":"foreground-dark","align":"full"} -->
<div class="wp-block-group alignfull has-foreground-dark-background-color has-background"><div class="wp-block-group__inner-container"><!-- wp:jetpack/layout-grid {"column1DesktopSpan":3,"column1DesktopOffset":2,"column1TabletSpan":4,"column1MobileSpan":4,"column2DesktopSpan":5,"column2TabletSpan":4,"column2MobileSpan":4,"column3DesktopOffset":3,"className":"column1-desktop-grid__span-3 column1-desktop-grid__start-3 column1-desktop-grid__row-1 column2-desktop-grid__span-5 column2-desktop-grid__start-6 column2-desktop-grid__row-1 column1-tablet-grid__span-4 column1-tablet-grid__row-1 column2-tablet-grid__span-4 column2-tablet-grid__start-5 column2-tablet-grid__row-1 column1-mobile-grid__span-4 column1-mobile-grid__row-1 column2-mobile-grid__span-4 column2-mobile-grid__row-2"} -->
<div class="wp-block-jetpack-layout-grid alignfull column1-desktop-grid__span-3 column1-desktop-grid__start-3 column1-desktop-grid__row-1 column2-desktop-grid__span-5 column2-desktop-grid__start-6 column2-desktop-grid__row-1 column1-tablet-grid__span-4 column1-tablet-grid__row-1 column2-tablet-grid__span-4 column2-tablet-grid__start-5 column2-tablet-grid__row-1 column1-mobile-grid__span-4 column1-mobile-grid__row-1 column2-mobile-grid__span-4 column2-mobile-grid__row-2"><!-- wp:jetpack/layout-grid-column -->
<div class="wp-block-jetpack-layout-grid-column wp-block-jetpack-layout-grid__padding-none"><!-- wp:paragraph {"align":"left","fontSize":"huge"} -->
<p class="has-text-align-left has-huge-font-size">Get new content delivered directly to your inbox.</p>
<!-- /wp:paragraph --></div>
<!-- /wp:jetpack/layout-grid-column -->

<!-- wp:jetpack/layout-grid-column -->
<div class="wp-block-jetpack-layout-grid-column wp-block-jetpack-layout-grid__padding-none"><!-- wp:jetpack/subscriptions -->
<div class="wp-block-jetpack-subscriptions">[jetpack_subscription_form show_only_email_and_button="true" custom_background_button_color="undefined" custom_text_button_color="undefined" submit_button_text="Subscribe" submit_button_classes="undefined" show_subscribers_total="false" ]</div>
<!-- /wp:jetpack/subscriptions --></div>
<!-- /wp:jetpack/layout-grid-column --></div>
<!-- /wp:jetpack/layout-grid --></div></div>
<!-- /wp:group -->]]></content:encoded>
		<excerpt:encoded><![CDATA[]]></excerpt:encoded>
		<wp:post_id>5</wp:post_id>
		<wp:post_date>2020-09-18 07:47:21</wp:post_date>
		<wp:post_date_gmt>2020-09-18 07:47:21</wp:post_date_gmt>
		<wp:comment_status>closed</wp:comment_status>
		<wp:ping_status>closed</wp:ping_status>
		<wp:post_name>home</wp:post_name>
		<wp:status>publish</wp:status>
		<wp:post_parent>0</wp:post_parent>
		<wp:menu_order>1</wp:menu_order>
		<wp:post_type>page</wp:post_type>
		<wp:post_password></wp:post_password>
		<wp:is_sticky>0</wp:is_sticky>
		<wp:postmeta>
			<wp:meta_key>_headstart_post</wp:meta_key>
			<wp:meta_value><![CDATA[_hs_front_page]]></wp:meta_value>
		</wp:postmeta>
		<wp:postmeta>
			<wp:meta_key>sharing_disabled</wp:meta_key>
			<wp:meta_value><![CDATA[a:1:{i:0;N;}]]></wp:meta_value>
		</wp:postmeta>
		<wp:postmeta>
			<wp:meta_key>switch_like_status</wp:meta_key>
			<wp:meta_value><![CDATA[a:1:{i:0;N;}]]></wp:meta_value>
		</wp:postmeta>
		<wp:postmeta>
			<wp:meta_key>_starter_page_template</wp:meta_key>
			<wp:meta_value><![CDATA[]]></wp:meta_value>
		</wp:postmeta>
		<wp:postmeta>
			<wp:meta_key>_wpas_skip_all_services</wp:meta_key>
			<wp:meta_value><![CDATA[1]]></wp:meta_value>
		</wp:postmeta>
		<wp:postmeta>
			<wp:meta_key>_publicize_pending</wp:meta_key>
			<wp:meta_value><![CDATA[1]]></wp:meta_value>
		</wp:postmeta>
		<wp:postmeta>
			<wp:meta_key>_checklist_post_type</wp:meta_key>
			<wp:meta_value><![CDATA[_hs_front_page]]></wp:meta_value>
		</wp:postmeta>
	</item>
	<item>
		<title>Blog</title>
		<link>https://indimedia203028101.wordpress.com/blog/</link>
		<pubDate>Fri, 18 Sep 2020 07:47:20 +0000</pubDate>
		<dc:creator>trickstah2277</dc:creator>
		<guid isPermaLink="false">https://indimedia203028101.wordpress.com/?page_id=6</guid>
		<description></description>
		<content:encoded><![CDATA[<!-- wp:cover {"url":"https:\/\/indimedia203028101.files.wordpress.com\/2020\/09\/qi-bin-w4hbafegiac-unsplash.jpg","id":26,"dimRatio":10,"align":"full"} -->
<div class="wp-block-cover alignfull has-background-dim-10 has-background-dim" style="background-image:url('https://indimedia203028101.files.wordpress.com/2020/09/qi-bin-w4hbafegiac-unsplash.jpg');"><div class="wp-block-cover__inner-container"></div></div>
<!-- /wp:cover -->

<!-- wp:spacer {"height":64,"className":"desktop-only"} -->
<div style="height:64px;" aria-hidden="true" class="wp-block-spacer desktop-only"></div>
<!-- /wp:spacer -->

<!-- wp:a8c/blog-posts {"moreButton":true,"showAvatar":false,"postsToShow":10} /-->

<!-- wp:separator {"className":"is-style-wide"} -->
<hr class="wp-block-separator is-style-wide" />
<!-- /wp:separator -->

<!-- wp:heading {"align":"left","level":3} -->
<h3 class="has-text-align-left">Follow My Blog</h3>
<!-- /wp:heading -->

<!-- wp:paragraph {"align":"left"} -->
<p class="has-text-align-left">Get new content delivered directly to your inbox.</p>
<!-- /wp:paragraph -->

<!-- wp:jetpack/subscriptions -->
<div class="wp-block-jetpack-subscriptions">[jetpack_subscription_form show_only_email_and_button="true" custom_background_button_color="undefined" custom_text_button_color="undefined" submit_button_text="Subscribe" submit_button_classes="undefined" show_subscribers_total="false" ]</div>
<!-- /wp:jetpack/subscriptions -->]]></content:encoded>
		<excerpt:encoded><![CDATA[]]></excerpt:encoded>
		<wp:post_id>6</wp:post_id>
		<wp:post_date>2020-09-18 07:47:20</wp:post_date>
		<wp:post_date_gmt>2020-09-18 07:47:20</wp:post_date_gmt>
		<wp:comment_status>closed</wp:comment_status>
		<wp:ping_status>closed</wp:ping_status>
		<wp:post_name>blog</wp:post_name>
		<wp:status>publish</wp:status>
		<wp:post_parent>0</wp:post_parent>
		<wp:menu_order>0</wp:menu_order>
		<wp:post_type>page</wp:post_type>
		<wp:post_password></wp:post_password>
		<wp:is_sticky>0</wp:is_sticky>
		<wp:postmeta>
			<wp:meta_key>_headstart_post</wp:meta_key>
			<wp:meta_value><![CDATA[_hs_extra]]></wp:meta_value>
		</wp:postmeta>
		<wp:postmeta>
			<wp:meta_key>sharing_disabled</wp:meta_key>
			<wp:meta_value><![CDATA[a:1:{i:0;N;}]]></wp:meta_value>
		</wp:postmeta>
		<wp:postmeta>
			<wp:meta_key>switch_like_status</wp:meta_key>
			<wp:meta_value><![CDATA[a:1:{i:0;N;}]]></wp:meta_value>
		</wp:postmeta>
		<wp:postmeta>
			<wp:meta_key>_starter_page_template</wp:meta_key>
			<wp:meta_value><![CDATA[blog]]></wp:meta_value>
		</wp:postmeta>
		<wp:postmeta>
			<wp:meta_key>_wpas_skip_all_services</wp:meta_key>
			<wp:meta_value><![CDATA[1]]></wp:meta_value>
		</wp:postmeta>
		<wp:postmeta>
			<wp:meta_key>_publicize_pending</wp:meta_key>
			<wp:meta_value><![CDATA[1]]></wp:meta_value>
		</wp:postmeta>
		<wp:postmeta>
			<wp:meta_key>_checklist_post_type</wp:meta_key>
			<wp:meta_value><![CDATA[_hs_extra]]></wp:meta_value>
		</wp:postmeta>
	</item>
	<item>
		<title>Contact</title>
		<link>https://indimedia203028101.wordpress.com/contact/</link>
		<pubDate>Fri, 18 Sep 2020 07:47:19 +0000</pubDate>
		<dc:creator>trickstah2277</dc:creator>
		<guid isPermaLink="false">https://indimedia203028101.wordpress.com/?page_id=7</guid>
		<description></description>
		<content:encoded><![CDATA[<!-- wp:paragraph {"align":"left"} -->
<p class="has-text-align-left">Don't hesitate to reach out with the contact information below, or send a message using the form.</p>
<!-- /wp:paragraph -->

<!-- wp:spacer {"height":32,"className":"desktop-only"} -->
<div style="height:32px;" aria-hidden="true" class="wp-block-spacer desktop-only"></div>
<!-- /wp:spacer -->

<!-- wp:columns {"align":"wide","className":"has-2-columns"} -->
<div class="wp-block-columns alignwide has-2-columns"><!-- wp:column -->
<div class="wp-block-column"><!-- wp:heading {"align":"left"} -->
<h2 class="has-text-align-left">Get in Touch</h2>
<!-- /wp:heading -->

<!-- wp:jetpack/contact-info -->
<div class="wp-block-jetpack-contact-info"><!-- wp:jetpack/address {"address":"10 Street Road","city":"City","postal":"10100","country":"USA"} -->
<div class="wp-block-jetpack-address"><div class="jetpack-address__address jetpack-address__address1">10 Street Road</div><div><span class="jetpack-address__city">City</span>, <span class="jetpack-address__region"></span> <span class="jetpack-address__postal">10100</span></div><div class="jetpack-address__country">USA</div></div>
<!-- /wp:jetpack/address -->

<!-- wp:jetpack/email {"email":"myemail@example.com"} -->
<div class="wp-block-jetpack-email"><a href="mailto:myemail@example.com">myemail@example.com</a></div>
<!-- /wp:jetpack/email -->

<!-- wp:jetpack/phone {"phone":"(123) 456-7890"} -->
<div class="wp-block-jetpack-phone"><a href="tel:1234567890">(123) 456-7890</a></div>
<!-- /wp:jetpack/phone --></div>
<!-- /wp:jetpack/contact-info -->

<!-- wp:social-links -->
<ul class="wp-block-social-links"><!-- wp:social-link-facebook /-->

<!-- wp:social-link-twitter /-->

<!-- wp:social-link-instagram {"url":"instagram.com"} /-->

<!-- wp:social-link-linkedin /-->

<!-- wp:social-link-youtube /-->

<!-- wp:social-link-facebook /-->

<!-- wp:social-link-facebook {"url":"facebook.com"} /-->

<!-- wp:social-link-twitter {"url":"twitter.com"} /-->

<!-- wp:social-link-wordpress {"url":"wordpress.com"} /--></ul>
<!-- /wp:social-links --></div>
<!-- /wp:column -->

<!-- wp:column -->
<div class="wp-block-column"><!-- wp:heading {"align":"left"} -->
<h2 class="has-text-align-left">Send Us a Message</h2>
<!-- /wp:heading -->

<!-- wp:jetpack/contact-form -->
<!-- wp:jetpack/field-name {"required":true} /-->

<!-- wp:jetpack/field-email {"label":"Email","required":true} /-->

<!-- wp:jetpack/field-url /-->

<!-- wp:jetpack/field-textarea {"required":true} /-->
<!-- /wp:jetpack/contact-form --></div>
<!-- /wp:column --></div>
<!-- /wp:columns -->]]></content:encoded>
		<excerpt:encoded><![CDATA[]]></excerpt:encoded>
		<wp:post_id>7</wp:post_id>
		<wp:post_date>2020-09-18 07:47:19</wp:post_date>
		<wp:post_date_gmt>2020-09-18 07:47:19</wp:post_date_gmt>
		<wp:comment_status>closed</wp:comment_status>
		<wp:ping_status>closed</wp:ping_status>
		<wp:post_name>contact</wp:post_name>
		<wp:status>publish</wp:status>
		<wp:post_parent>0</wp:post_parent>
		<wp:menu_order>0</wp:menu_order>
		<wp:post_type>page</wp:post_type>
		<wp:post_password></wp:post_password>
		<wp:is_sticky>0</wp:is_sticky>
		<wp:postmeta>
			<wp:meta_key>_headstart_post</wp:meta_key>
			<wp:meta_value><![CDATA[_hs_extra]]></wp:meta_value>
		</wp:postmeta>
		<wp:postmeta>
			<wp:meta_key>sharing_disabled</wp:meta_key>
			<wp:meta_value><![CDATA[a:1:{i:0;N;}]]></wp:meta_value>
		</wp:postmeta>
		<wp:postmeta>
			<wp:meta_key>switch_like_status</wp:meta_key>
			<wp:meta_value><![CDATA[a:1:{i:0;N;}]]></wp:meta_value>
		</wp:postmeta>
		<wp:postmeta>
			<wp:meta_key>_starter_page_template</wp:meta_key>
			<wp:meta_value><![CDATA[contact]]></wp:meta_value>
		</wp:postmeta>
		<wp:postmeta>
			<wp:meta_key>_wpas_skip_all_services</wp:meta_key>
			<wp:meta_value><![CDATA[1]]></wp:meta_value>
		</wp:postmeta>
		<wp:postmeta>
			<wp:meta_key>_publicize_pending</wp:meta_key>
			<wp:meta_value><![CDATA[1]]></wp:meta_value>
		</wp:postmeta>
		<wp:postmeta>
			<wp:meta_key>_checklist_post_type</wp:meta_key>
			<wp:meta_value><![CDATA[_hs_extra]]></wp:meta_value>
		</wp:postmeta>
	</item>
	<item>
		<title>About</title>
		<link>https://indimedia203028101.wordpress.com/about/</link>
		<pubDate>Fri, 18 Sep 2020 07:47:18 +0000</pubDate>
		<dc:creator>trickstah2277</dc:creator>
		<guid isPermaLink="false">https://indimedia203028101.wordpress.com/?page_id=8</guid>
		<description></description>
		<content:encoded><![CDATA[<!-- wp:spacer {"height":20} -->
<div style="height:20px;" aria-hidden="true" class="wp-block-spacer"></div>
<!-- /wp:spacer -->

<!-- wp:group {"align":"full"} -->
<div class="wp-block-group alignfull"><div class="wp-block-group__inner-container"><!-- wp:jetpack/layout-grid {"column1DesktopSpan":3,"column1DesktopOffset":1,"column1TabletSpan":3,"column1MobileSpan":4,"column2DesktopSpan":6,"column2DesktopOffset":1,"column2TabletSpan":5,"column2MobileSpan":4,"column3DesktopOffset":3,"column3TabletOffset":1,"className":""} -->
<div class="wp-block-jetpack-layout-grid alignfull column1-desktop-grid__span-3 column1-desktop-grid__start-2 column1-desktop-grid__row-1 column2-desktop-grid__span-6 column2-desktop-grid__start-6 column2-desktop-grid__row-1 column1-tablet-grid__span-3 column1-tablet-grid__row-1 column2-tablet-grid__span-5 column2-tablet-grid__start-4 column2-tablet-grid__row-1 column1-mobile-grid__span-4 column1-mobile-grid__row-1 column2-mobile-grid__span-4 column2-mobile-grid__row-2"><!-- wp:jetpack/layout-grid-column -->
<div class="wp-block-jetpack-layout-grid-column wp-block-jetpack-layout-grid__padding-none"><!-- wp:image {"id":698,"sizeSlug":"full","className":"is-style-circle-mask"} -->
<figure class="wp-block-image size-full is-style-circle-mask"><img src="https://indimedia203028101.files.wordpress.com/2020/09/rachel-pfuetzner-0fn7fxv1ewa-unsplash.jpg" alt="" class="wp-image-698" /></figure>
<!-- /wp:image --></div>
<!-- /wp:jetpack/layout-grid-column -->

<!-- wp:jetpack/layout-grid-column -->
<div class="wp-block-jetpack-layout-grid-column wp-block-jetpack-layout-grid__padding-none"><!-- wp:heading -->
<h2>Introduce yourself – who you are, what you do, and where you are.</h2>
<!-- /wp:heading -->

<!-- wp:paragraph -->
<p>This is an example of an about page. Unlike posts, pages are better suited for more timeless content that you want to be easily accessible, like your About or Contact information. Click the Edit link to make changes to this page or <a href="//wordpress.com/page">add another page</a>.</p>
<!-- /wp:paragraph --></div>
<!-- /wp:jetpack/layout-grid-column --></div>
<!-- /wp:jetpack/layout-grid --></div></div>
<!-- /wp:group -->]]></content:encoded>
		<excerpt:encoded><![CDATA[]]></excerpt:encoded>
		<wp:post_id>8</wp:post_id>
		<wp:post_date>2020-09-18 07:47:18</wp:post_date>
		<wp:post_date_gmt>2020-09-18 07:47:18</wp:post_date_gmt>
		<wp:comment_status>closed</wp:comment_status>
		<wp:ping_status>closed</wp:ping_status>
		<wp:post_name>about</wp:post_name>
		<wp:status>publish</wp:status>
		<wp:post_parent>0</wp:post_parent>
		<wp:menu_order>0</wp:menu_order>
		<wp:post_type>page</wp:post_type>
		<wp:post_password></wp:post_password>
		<wp:is_sticky>0</wp:is_sticky>
		<wp:postmeta>
			<wp:meta_key>_headstart_post</wp:meta_key>
			<wp:meta_value><![CDATA[_hs_extra]]></wp:meta_value>
		</wp:postmeta>
		<wp:postmeta>
			<wp:meta_key>sharing_disabled</wp:meta_key>
			<wp:meta_value><![CDATA[a:1:{i:0;N;}]]></wp:meta_value>
		</wp:postmeta>
		<wp:postmeta>
			<wp:meta_key>switch_like_status</wp:meta_key>
			<wp:meta_value><![CDATA[a:1:{i:0;N;}]]></wp:meta_value>
		</wp:postmeta>
		<wp:postmeta>
			<wp:meta_key>_starter_page_template</wp:meta_key>
			<wp:meta_value><![CDATA[about-3]]></wp:meta_value>
		</wp:postmeta>
		<wp:postmeta>
			<wp:meta_key>_wpas_skip_all_services</wp:meta_key>
			<wp:meta_value><![CDATA[1]]></wp:meta_value>
		</wp:postmeta>
		<wp:postmeta>
			<wp:meta_key>_publicize_pending</wp:meta_key>
			<wp:meta_value><![CDATA[1]]></wp:meta_value>
		</wp:postmeta>
		<wp:postmeta>
			<wp:meta_key>_checklist_post_type</wp:meta_key>
			<wp:meta_value><![CDATA[_hs_extra]]></wp:meta_value>
		</wp:postmeta>
	</item>
	<item>
		<title>Introduce Yourself (Example Post)</title>
		<link>https://indimedia203028101.wordpress.com/2020/09/18/example-post-3/</link>
		<pubDate>Fri, 18 Sep 2020 07:47:17 +0000</pubDate>
		<dc:creator>trickstah2277</dc:creator>
		<guid isPermaLink="false">https://indimedia203028101.wordpress.com/?p=9</guid>
		<description></description>
		<content:encoded><![CDATA[<!-- wp:paragraph -->
<p><em>This is an example post, originally published as part of </em><a href="https://dailypost.wordpress.com/blogging-university/"><em>Blogging University</em></a><em>. Enroll in one of our ten programs, and start your blog right.</em></p>
<!-- /wp:paragraph -->

<!-- wp:paragraph -->
<p>You’re going to publish a post today. Don’t worry about how your blog looks. Don’t worry if you haven’t given it a name yet, or you’re feeling overwhelmed. Just click the “New Post” button, and tell us why you’re here.</p>
<!-- /wp:paragraph -->

<!-- wp:paragraph -->
<p>Why do this? </p>
<!-- /wp:paragraph -->

<!-- wp:list -->
<ul><li>Because it gives new readers context. What are you about? Why should they read your blog?</li><li>Because it will help you focus your own ideas about your blog and what you’d like to do with it. </li></ul>
<!-- /wp:list -->

<!-- wp:paragraph -->
<p>The post can be short or long, a personal intro to your life or a bloggy mission statement, a manifesto for the future or a simple outline of your the types of things you hope to publish.</p>
<!-- /wp:paragraph -->

<!-- wp:paragraph -->
<p>To help you get started, here are a few questions: </p>
<!-- /wp:paragraph -->

<!-- wp:list -->
<ul><li>Why are you blogging publicly, rather than keeping a personal journal?</li><li>What topics do you think you’ll write about?</li><li>Who would you love to connect with via your blog?</li><li>If you blog successfully throughout the next year, what would you hope to have accomplished? </li></ul>
<!-- /wp:list -->

<!-- wp:paragraph -->
<p>You’re not locked into any of this; one of the wonderful things about blogs is how they constantly evolve as we learn, grow, and interact with one another — but it’s good to know where and why you started, and articulating your goals may just give you a few other post ideas.</p>
<!-- /wp:paragraph -->

<!-- wp:paragraph -->
<p>Can’t think how to get started? Just write the first thing that pops into your head. Anne Lamott, author of a book on writing we love, says that you need to give yourself permission to write a “crappy first draft”. Anne makes a great point — just start writing, and worry about editing it later.</p>
<!-- /wp:paragraph -->

<!-- wp:paragraph -->
<p>When you’re ready to publish, give your post three to five tags that describe your blog’s focus — writing, photography, fiction, parenting, food, cars, movies, sports, whatever. These tags will help others who care about your topics find you in the Reader. Make sure one of the tags is “zerotohero,” so other new bloggers can find you, too.</p>
<!-- /wp:paragraph -->]]></content:encoded>
		<excerpt:encoded><![CDATA[]]></excerpt:encoded>
		<wp:post_id>9</wp:post_id>
		<wp:post_date>2020-09-18 07:47:17</wp:post_date>
		<wp:post_date_gmt>2020-09-18 07:47:17</wp:post_date_gmt>
		<wp:comment_status>open</wp:comment_status>
		<wp:ping_status>open</wp:ping_status>
		<wp:post_name>example-post-3</wp:post_name>
		<wp:status>publish</wp:status>
		<wp:post_parent>0</wp:post_parent>
		<wp:menu_order>0</wp:menu_order>
		<wp:post_type>post</wp:post_type>
		<wp:post_password></wp:post_password>
		<wp:is_sticky>0</wp:is_sticky>
		<category domain="category" nicename="uncategorized"><![CDATA[Uncategorized]]></category>
		<wp:postmeta>
			<wp:meta_key>_headstart_post</wp:meta_key>
			<wp:meta_value><![CDATA[_hs_extra]]></wp:meta_value>
		</wp:postmeta>
		<wp:postmeta>
			<wp:meta_key>sharing_disabled</wp:meta_key>
			<wp:meta_value><![CDATA[a:1:{i:0;N;}]]></wp:meta_value>
		</wp:postmeta>
		<wp:postmeta>
			<wp:meta_key>switch_like_status</wp:meta_key>
			<wp:meta_value><![CDATA[a:1:{i:0;N;}]]></wp:meta_value>
		</wp:postmeta>
		<wp:postmeta>
			<wp:meta_key>_starter_page_template</wp:meta_key>
			<wp:meta_value><![CDATA[]]></wp:meta_value>
		</wp:postmeta>
		<wp:postmeta>
			<wp:meta_key>_wpas_skip_all_services</wp:meta_key>
			<wp:meta_value><![CDATA[1]]></wp:meta_value>
		</wp:postmeta>
		<wp:postmeta>
			<wp:meta_key>_publicize_pending</wp:meta_key>
			<wp:meta_value><![CDATA[1]]></wp:meta_value>
		</wp:postmeta>
	</item>
	<item>
		<title>Introduce Yourself (Example Post)</title>
		<link>https://indimedia203028101.wordpress.com/2020/09/18/example-post-2/</link>
		<pubDate>Fri, 18 Sep 2020 07:47:16 +0000</pubDate>
		<dc:creator>trickstah2277</dc:creator>
		<guid isPermaLink="false">https://indimedia203028101.wordpress.com/?p=10</guid>
		<description></description>
		<content:encoded><![CDATA[<!-- wp:paragraph -->
<p><em>This is an example post, originally published as part of </em><a href="https://dailypost.wordpress.com/blogging-university/"><em>Blogging University</em></a><em>. Enroll in one of our ten programs, and start your blog right.</em></p>
<!-- /wp:paragraph -->

<!-- wp:paragraph -->
<p>You’re going to publish a post today. Don’t worry about how your blog looks. Don’t worry if you haven’t given it a name yet, or you’re feeling overwhelmed. Just click the “New Post” button, and tell us why you’re here.</p>
<!-- /wp:paragraph -->

<!-- wp:paragraph -->
<p>Why do this? </p>
<!-- /wp:paragraph -->

<!-- wp:list -->
<ul><li>Because it gives new readers context. What are you about? Why should they read your blog?</li><li>Because it will help you focus your own ideas about your blog and what you’d like to do with it. </li></ul>
<!-- /wp:list -->

<!-- wp:paragraph -->
<p>The post can be short or long, a personal intro to your life or a bloggy mission statement, a manifesto for the future or a simple outline of your the types of things you hope to publish.</p>
<!-- /wp:paragraph -->

<!-- wp:paragraph -->
<p>To help you get started, here are a few questions: </p>
<!-- /wp:paragraph -->

<!-- wp:list -->
<ul><li>Why are you blogging publicly, rather than keeping a personal journal?</li><li>What topics do you think you’ll write about?</li><li>Who would you love to connect with via your blog?</li><li>If you blog successfully throughout the next year, what would you hope to have accomplished? </li></ul>
<!-- /wp:list -->

<!-- wp:paragraph -->
<p>You’re not locked into any of this; one of the wonderful things about blogs is how they constantly evolve as we learn, grow, and interact with one another — but it’s good to know where and why you started, and articulating your goals may just give you a few other post ideas.</p>
<!-- /wp:paragraph -->

<!-- wp:paragraph -->
<p>Can’t think how to get started? Just write the first thing that pops into your head. Anne Lamott, author of a book on writing we love, says that you need to give yourself permission to write a “crappy first draft”. Anne makes a great point — just start writing, and worry about editing it later.</p>
<!-- /wp:paragraph -->

<!-- wp:paragraph -->
<p>When you’re ready to publish, give your post three to five tags that describe your blog’s focus — writing, photography, fiction, parenting, food, cars, movies, sports, whatever. These tags will help others who care about your topics find you in the Reader. Make sure one of the tags is “zerotohero,” so other new bloggers can find you, too.</p>
<!-- /wp:paragraph -->]]></content:encoded>
		<excerpt:encoded><![CDATA[]]></excerpt:encoded>
		<wp:post_id>10</wp:post_id>
		<wp:post_date>2020-09-18 07:47:16</wp:post_date>
		<wp:post_date_gmt>2020-09-18 07:47:16</wp:post_date_gmt>
		<wp:comment_status>open</wp:comment_status>
		<wp:ping_status>open</wp:ping_status>
		<wp:post_name>example-post-2</wp:post_name>
		<wp:status>publish</wp:status>
		<wp:post_parent>0</wp:post_parent>
		<wp:menu_order>0</wp:menu_order>
		<wp:post_type>post</wp:post_type>
		<wp:post_password></wp:post_password>
		<wp:is_sticky>0</wp:is_sticky>
		<category domain="category" nicename="uncategorized"><![CDATA[Uncategorized]]></category>
		<wp:postmeta>
			<wp:meta_key>_headstart_post</wp:meta_key>
			<wp:meta_value><![CDATA[_hs_extra]]></wp:meta_value>
		</wp:postmeta>
		<wp:postmeta>
			<wp:meta_key>sharing_disabled</wp:meta_key>
			<wp:meta_value><![CDATA[a:1:{i:0;N;}]]></wp:meta_value>
		</wp:postmeta>
		<wp:postmeta>
			<wp:meta_key>switch_like_status</wp:meta_key>
			<wp:meta_value><![CDATA[a:1:{i:0;N;}]]></wp:meta_value>
		</wp:postmeta>
		<wp:postmeta>
			<wp:meta_key>_starter_page_template</wp:meta_key>
			<wp:meta_value><![CDATA[]]></wp:meta_value>
		</wp:postmeta>
		<wp:postmeta>
			<wp:meta_key>_wpas_skip_all_services</wp:meta_key>
			<wp:meta_value><![CDATA[1]]></wp:meta_value>
		</wp:postmeta>
		<wp:postmeta>
			<wp:meta_key>_publicize_pending</wp:meta_key>
			<wp:meta_value><![CDATA[1]]></wp:meta_value>
		</wp:postmeta>
	</item>
	<item>
		<title>Introduce Yourself (Example Post)</title>
		<link>https://indimedia203028101.wordpress.com/2020/09/18/example-post/</link>
		<pubDate>Fri, 18 Sep 2020 07:47:15 +0000</pubDate>
		<dc:creator>trickstah2277</dc:creator>
		<guid isPermaLink="false">https://indimedia203028101.wordpress.com/?p=11</guid>
		<description></description>
		<content:encoded><![CDATA[<!-- wp:paragraph -->
<p><em>This is an example post, originally published as part of </em><a href="https://dailypost.wordpress.com/blogging-university/"><em>Blogging University</em></a><em>. Enroll in one of our ten programs, and start your blog right.</em></p>
<!-- /wp:paragraph -->

<!-- wp:paragraph -->
<p>You’re going to publish a post today. Don’t worry about how your blog looks. Don’t worry if you haven’t given it a name yet, or you’re feeling overwhelmed. Just click the “New Post” button, and tell us why you’re here.</p>
<!-- /wp:paragraph -->

<!-- wp:paragraph -->
<p>Why do this? </p>
<!-- /wp:paragraph -->

<!-- wp:list -->
<ul><li>Because it gives new readers context. What are you about? Why should they read your blog?</li><li>Because it will help you focus your own ideas about your blog and what you’d like to do with it. </li></ul>
<!-- /wp:list -->

<!-- wp:paragraph -->
<p>The post can be short or long, a personal intro to your life or a bloggy mission statement, a manifesto for the future or a simple outline of your the types of things you hope to publish.</p>
<!-- /wp:paragraph -->

<!-- wp:paragraph -->
<p>To help you get started, here are a few questions: </p>
<!-- /wp:paragraph -->

<!-- wp:list -->
<ul><li>Why are you blogging publicly, rather than keeping a personal journal?</li><li>What topics do you think you’ll write about?</li><li>Who would you love to connect with via your blog?</li><li>If you blog successfully throughout the next year, what would you hope to have accomplished? </li></ul>
<!-- /wp:list -->

<!-- wp:paragraph -->
<p>You’re not locked into any of this; one of the wonderful things about blogs is how they constantly evolve as we learn, grow, and interact with one another — but it’s good to know where and why you started, and articulating your goals may just give you a few other post ideas.</p>
<!-- /wp:paragraph -->

<!-- wp:paragraph -->
<p>Can’t think how to get started? Just write the first thing that pops into your head. Anne Lamott, author of a book on writing we love, says that you need to give yourself permission to write a “crappy first draft”. Anne makes a great point — just start writing, and worry about editing it later.</p>
<!-- /wp:paragraph -->

<!-- wp:paragraph -->
<p>When you’re ready to publish, give your post three to five tags that describe your blog’s focus — writing, photography, fiction, parenting, food, cars, movies, sports, whatever. These tags will help others who care about your topics find you in the Reader. Make sure one of the tags is “zerotohero,” so other new bloggers can find you, too.</p>
<!-- /wp:paragraph -->]]></content:encoded>
		<excerpt:encoded><![CDATA[]]></excerpt:encoded>
		<wp:post_id>11</wp:post_id>
		<wp:post_date>2020-09-18 07:47:15</wp:post_date>
		<wp:post_date_gmt>2020-09-18 07:47:15</wp:post_date_gmt>
		<wp:comment_status>open</wp:comment_status>
		<wp:ping_status>open</wp:ping_status>
		<wp:post_name>example-post</wp:post_name>
		<wp:status>publish</wp:status>
		<wp:post_parent>0</wp:post_parent>
		<wp:menu_order>0</wp:menu_order>
		<wp:post_type>post</wp:post_type>
		<wp:post_password></wp:post_password>
		<wp:is_sticky>0</wp:is_sticky>
		<category domain="category" nicename="uncategorized"><![CDATA[Uncategorized]]></category>
		<wp:postmeta>
			<wp:meta_key>_headstart_post</wp:meta_key>
			<wp:meta_value><![CDATA[_hs_extra]]></wp:meta_value>
		</wp:postmeta>
		<wp:postmeta>
			<wp:meta_key>sharing_disabled</wp:meta_key>
			<wp:meta_value><![CDATA[a:1:{i:0;N;}]]></wp:meta_value>
		</wp:postmeta>
		<wp:postmeta>
			<wp:meta_key>switch_like_status</wp:meta_key>
			<wp:meta_value><![CDATA[a:1:{i:0;N;}]]></wp:meta_value>
		</wp:postmeta>
		<wp:postmeta>
			<wp:meta_key>_starter_page_template</wp:meta_key>
			<wp:meta_value><![CDATA[]]></wp:meta_value>
		</wp:postmeta>
		<wp:postmeta>
			<wp:meta_key>_wpas_skip_all_services</wp:meta_key>
			<wp:meta_value><![CDATA[1]]></wp:meta_value>
		</wp:postmeta>
		<wp:postmeta>
			<wp:meta_key>_publicize_pending</wp:meta_key>
			<wp:meta_value><![CDATA[1]]></wp:meta_value>
		</wp:postmeta>
	</item>
	<item>
		<title></title>
		<link>https://indimedia203028101.wordpress.com/2020/09/18/19/</link>
		<pubDate>Fri, 18 Sep 2020 07:52:22 +0000</pubDate>
		<dc:creator>trickstah2277</dc:creator>
		<guid isPermaLink="false">https://indimedia203028101.wordpress.com/2020/09/18/19/</guid>
		<description></description>
		<content:encoded><![CDATA[ ]]></content:encoded>
		<excerpt:encoded><![CDATA[]]></excerpt:encoded>
		<wp:post_id>19</wp:post_id>
		<wp:post_date>2020-09-18 07:52:22</wp:post_date>
		<wp:post_date_gmt>2020-09-18 07:52:22</wp:post_date_gmt>
		<wp:comment_status>closed</wp:comment_status>
		<wp:ping_status>closed</wp:ping_status>
		<wp:post_name>19</wp:post_name>
		<wp:status>publish</wp:status>
		<wp:post_parent>0</wp:post_parent>
		<wp:menu_order>1</wp:menu_order>
		<wp:post_type>nav_menu_item</wp:post_type>
		<wp:post_password></wp:post_password>
		<wp:is_sticky>0</wp:is_sticky>
		<category domain="nav_menu" nicename="primary"><![CDATA[Primary]]></category>
		<wp:postmeta>
			<wp:meta_key>_publicize_pending</wp:meta_key>
			<wp:meta_value><![CDATA[1]]></wp:meta_value>
		</wp:postmeta>
		<wp:postmeta>
			<wp:meta_key>_menu_item_type</wp:meta_key>
			<wp:meta_value><![CDATA[post_type]]></wp:meta_value>
		</wp:postmeta>
		<wp:postmeta>
			<wp:meta_key>_menu_item_menu_item_parent</wp:meta_key>
			<wp:meta_value><![CDATA[0]]></wp:meta_value>
		</wp:postmeta>
		<wp:postmeta>
			<wp:meta_key>_menu_item_object_id</wp:meta_key>
			<wp:meta_value><![CDATA[5]]></wp:meta_value>
		</wp:postmeta>
		<wp:postmeta>
			<wp:meta_key>_menu_item_object</wp:meta_key>
			<wp:meta_value><![CDATA[page]]></wp:meta_value>
		</wp:postmeta>
		<wp:postmeta>
			<wp:meta_key>_menu_item_target</wp:meta_key>
			<wp:meta_value><![CDATA[]]></wp:meta_value>
		</wp:postmeta>
		<wp:postmeta>
			<wp:meta_key>_menu_item_classes</wp:meta_key>
			<wp:meta_value><![CDATA[a:1:{i:0;s:0:"";}]]></wp:meta_value>
		</wp:postmeta>
		<wp:postmeta>
			<wp:meta_key>_menu_item_xfn</wp:meta_key>
			<wp:meta_value><![CDATA[]]></wp:meta_value>
		</wp:postmeta>
		<wp:postmeta>
			<wp:meta_key>_menu_item_url</wp:meta_key>
			<wp:meta_value><![CDATA[]]></wp:meta_value>
		</wp:postmeta>
		<wp:postmeta>
			<wp:meta_key>_menu_item_content</wp:meta_key>
			<wp:meta_value><![CDATA[]]></wp:meta_value>
		</wp:postmeta>
	</item>
	<item>
		<title></title>
		<link>https://indimedia203028101.wordpress.com/2020/09/18/20/</link>
		<pubDate>Fri, 18 Sep 2020 07:52:22 +0000</pubDate>
		<dc:creator>trickstah2277</dc:creator>
		<guid isPermaLink="false">https://indimedia203028101.wordpress.com/2020/09/18/20/</guid>
		<description></description>
		<content:encoded><![CDATA[ ]]></content:encoded>
		<excerpt:encoded><![CDATA[]]></excerpt:encoded>
		<wp:post_id>20</wp:post_id>
		<wp:post_date>2020-09-18 07:52:22</wp:post_date>
		<wp:post_date_gmt>2020-09-18 07:52:22</wp:post_date_gmt>
		<wp:comment_status>closed</wp:comment_status>
		<wp:ping_status>closed</wp:ping_status>
		<wp:post_name>20</wp:post_name>
		<wp:status>publish</wp:status>
		<wp:post_parent>0</wp:post_parent>
		<wp:menu_order>2</wp:menu_order>
		<wp:post_type>nav_menu_item</wp:post_type>
		<wp:post_password></wp:post_password>
		<wp:is_sticky>0</wp:is_sticky>
		<category domain="nav_menu" nicename="primary"><![CDATA[Primary]]></category>
		<wp:postmeta>
			<wp:meta_key>_publicize_pending</wp:meta_key>
			<wp:meta_value><![CDATA[1]]></wp:meta_value>
		</wp:postmeta>
		<wp:postmeta>
			<wp:meta_key>_menu_item_type</wp:meta_key>
			<wp:meta_value><![CDATA[post_type]]></wp:meta_value>
		</wp:postmeta>
		<wp:postmeta>
			<wp:meta_key>_menu_item_menu_item_parent</wp:meta_key>
			<wp:meta_value><![CDATA[0]]></wp:meta_value>
		</wp:postmeta>
		<wp:postmeta>
			<wp:meta_key>_menu_item_object_id</wp:meta_key>
			<wp:meta_value><![CDATA[6]]></wp:meta_value>
		</wp:postmeta>
		<wp:postmeta>
			<wp:meta_key>_menu_item_object</wp:meta_key>
			<wp:meta_value><![CDATA[page]]></wp:meta_value>
		</wp:postmeta>
		<wp:postmeta>
			<wp:meta_key>_menu_item_target</wp:meta_key>
			<wp:meta_value><![CDATA[]]></wp:meta_value>
		</wp:postmeta>
		<wp:postmeta>
			<wp:meta_key>_menu_item_classes</wp:meta_key>
			<wp:meta_value><![CDATA[a:1:{i:0;s:0:"";}]]></wp:meta_value>
		</wp:postmeta>
		<wp:postmeta>
			<wp:meta_key>_menu_item_xfn</wp:meta_key>
			<wp:meta_value><![CDATA[]]></wp:meta_value>
		</wp:postmeta>
		<wp:postmeta>
			<wp:meta_key>_menu_item_url</wp:meta_key>
			<wp:meta_value><![CDATA[]]></wp:meta_value>
		</wp:postmeta>
		<wp:postmeta>
			<wp:meta_key>_menu_item_content</wp:meta_key>
			<wp:meta_value><![CDATA[]]></wp:meta_value>
		</wp:postmeta>
	</item>
	<item>
		<title></title>
		<link>https://indimedia203028101.wordpress.com/2020/09/18/21/</link>
		<pubDate>Fri, 18 Sep 2020 07:52:22 +0000</pubDate>
		<dc:creator>trickstah2277</dc:creator>
		<guid isPermaLink="false">https://indimedia203028101.wordpress.com/2020/09/18/21/</guid>
		<description></description>
		<content:encoded><![CDATA[ ]]></content:encoded>
		<excerpt:encoded><![CDATA[]]></excerpt:encoded>
		<wp:post_id>21</wp:post_id>
		<wp:post_date>2020-09-18 07:52:22</wp:post_date>
		<wp:post_date_gmt>2020-09-18 07:52:22</wp:post_date_gmt>
		<wp:comment_status>closed</wp:comment_status>
		<wp:ping_status>closed</wp:ping_status>
		<wp:post_name>21</wp:post_name>
		<wp:status>publish</wp:status>
		<wp:post_parent>0</wp:post_parent>
		<wp:menu_order>3</wp:menu_order>
		<wp:post_type>nav_menu_item</wp:post_type>
		<wp:post_password></wp:post_password>
		<wp:is_sticky>0</wp:is_sticky>
		<category domain="nav_menu" nicename="primary"><![CDATA[Primary]]></category>
		<wp:postmeta>
			<wp:meta_key>_publicize_pending</wp:meta_key>
			<wp:meta_value><![CDATA[1]]></wp:meta_value>
		</wp:postmeta>
		<wp:postmeta>
			<wp:meta_key>_menu_item_type</wp:meta_key>
			<wp:meta_value><![CDATA[post_type]]></wp:meta_value>
		</wp:postmeta>
		<wp:postmeta>
			<wp:meta_key>_menu_item_menu_item_parent</wp:meta_key>
			<wp:meta_value><![CDATA[0]]></wp:meta_value>
		</wp:postmeta>
		<wp:postmeta>
			<wp:meta_key>_menu_item_object_id</wp:meta_key>
			<wp:meta_value><![CDATA[8]]></wp:meta_value>
		</wp:postmeta>
		<wp:postmeta>
			<wp:meta_key>_menu_item_object</wp:meta_key>
			<wp:meta_value><![CDATA[page]]></wp:meta_value>
		</wp:postmeta>
		<wp:postmeta>
			<wp:meta_key>_menu_item_target</wp:meta_key>
			<wp:meta_value><![CDATA[]]></wp:meta_value>
		</wp:postmeta>
		<wp:postmeta>
			<wp:meta_key>_menu_item_classes</wp:meta_key>
			<wp:meta_value><![CDATA[a:1:{i:0;s:0:"";}]]></wp:meta_value>
		</wp:postmeta>
		<wp:postmeta>
			<wp:meta_key>_menu_item_xfn</wp:meta_key>
			<wp:meta_value><![CDATA[]]></wp:meta_value>
		</wp:postmeta>
		<wp:postmeta>
			<wp:meta_key>_menu_item_url</wp:meta_key>
			<wp:meta_value><![CDATA[]]></wp:meta_value>
		</wp:postmeta>
		<wp:postmeta>
			<wp:meta_key>_menu_item_content</wp:meta_key>
			<wp:meta_value><![CDATA[]]></wp:meta_value>
		</wp:postmeta>
	</item>
	<item>
		<title></title>
		<link>https://indimedia203028101.wordpress.com/2020/09/18/22/</link>
		<pubDate>Fri, 18 Sep 2020 07:52:22 +0000</pubDate>
		<dc:creator>trickstah2277</dc:creator>
		<guid isPermaLink="false">https://indimedia203028101.wordpress.com/2020/09/18/22/</guid>
		<description></description>
		<content:encoded><![CDATA[ ]]></content:encoded>
		<excerpt:encoded><![CDATA[]]></excerpt:encoded>
		<wp:post_id>22</wp:post_id>
		<wp:post_date>2020-09-18 07:52:22</wp:post_date>
		<wp:post_date_gmt>2020-09-18 07:52:22</wp:post_date_gmt>
		<wp:comment_status>closed</wp:comment_status>
		<wp:ping_status>closed</wp:ping_status>
		<wp:post_name>22</wp:post_name>
		<wp:status>publish</wp:status>
		<wp:post_parent>0</wp:post_parent>
		<wp:menu_order>4</wp:menu_order>
		<wp:post_type>nav_menu_item</wp:post_type>
		<wp:post_password></wp:post_password>
		<wp:is_sticky>0</wp:is_sticky>
		<category domain="nav_menu" nicename="primary"><![CDATA[Primary]]></category>
		<wp:postmeta>
			<wp:meta_key>_publicize_pending</wp:meta_key>
			<wp:meta_value><![CDATA[1]]></wp:meta_value>
		</wp:postmeta>
		<wp:postmeta>
			<wp:meta_key>_menu_item_type</wp:meta_key>
			<wp:meta_value><![CDATA[post_type]]></wp:meta_value>
		</wp:postmeta>
		<wp:postmeta>
			<wp:meta_key>_menu_item_menu_item_parent</wp:meta_key>
			<wp:meta_value><![CDATA[0]]></wp:meta_value>
		</wp:postmeta>
		<wp:postmeta>
			<wp:meta_key>_menu_item_object_id</wp:meta_key>
			<wp:meta_value><![CDATA[7]]></wp:meta_value>
		</wp:postmeta>
		<wp:postmeta>
			<wp:meta_key>_menu_item_object</wp:meta_key>
			<wp:meta_value><![CDATA[page]]></wp:meta_value>
		</wp:postmeta>
		<wp:postmeta>
			<wp:meta_key>_menu_item_target</wp:meta_key>
			<wp:meta_value><![CDATA[]]></wp:meta_value>
		</wp:postmeta>
		<wp:postmeta>
			<wp:meta_key>_menu_item_classes</wp:meta_key>
			<wp:meta_value><![CDATA[a:1:{i:0;s:0:"";}]]></wp:meta_value>
		</wp:postmeta>
		<wp:postmeta>
			<wp:meta_key>_menu_item_xfn</wp:meta_key>
			<wp:meta_value><![CDATA[]]></wp:meta_value>
		</wp:postmeta>
		<wp:postmeta>
			<wp:meta_key>_menu_item_url</wp:meta_key>
			<wp:meta_value><![CDATA[]]></wp:meta_value>
		</wp:postmeta>
		<wp:postmeta>
			<wp:meta_key>_menu_item_content</wp:meta_key>
			<wp:meta_value><![CDATA[]]></wp:meta_value>
		</wp:postmeta>
	</item>
	<item>
		<title>Facebook</title>
		<link>https://indimedia203028101.wordpress.com/2020/09/18/facebook/</link>
		<pubDate>Fri, 18 Sep 2020 07:52:22 +0000</pubDate>
		<dc:creator>trickstah2277</dc:creator>
		<guid isPermaLink="false">https://indimedia203028101.wordpress.com/2020/09/18/facebook/</guid>
		<description></description>
		<content:encoded><![CDATA[]]></content:encoded>
		<excerpt:encoded><![CDATA[]]></excerpt:encoded>
		<wp:post_id>23</wp:post_id>
		<wp:post_date>2020-09-18 07:52:22</wp:post_date>
		<wp:post_date_gmt>2020-09-18 07:52:22</wp:post_date_gmt>
		<wp:comment_status>closed</wp:comment_status>
		<wp:ping_status>closed</wp:ping_status>
		<wp:post_name>facebook</wp:post_name>
		<wp:status>publish</wp:status>
		<wp:post_parent>0</wp:post_parent>
		<wp:menu_order>1</wp:menu_order>
		<wp:post_type>nav_menu_item</wp:post_type>
		<wp:post_password></wp:post_password>
		<wp:is_sticky>0</wp:is_sticky>
		<category domain="nav_menu" nicename="social"><![CDATA[Social]]></category>
		<wp:postmeta>
			<wp:meta_key>_publicize_pending</wp:meta_key>
			<wp:meta_value><![CDATA[1]]></wp:meta_value>
		</wp:postmeta>
		<wp:postmeta>
			<wp:meta_key>_menu_item_type</wp:meta_key>
			<wp:meta_value><![CDATA[custom]]></wp:meta_value>
		</wp:postmeta>
		<wp:postmeta>
			<wp:meta_key>_menu_item_menu_item_parent</wp:meta_key>
			<wp:meta_value><![CDATA[0]]></wp:meta_value>
		</wp:postmeta>
		<wp:postmeta>
			<wp:meta_key>_menu_item_object_id</wp:meta_key>
			<wp:meta_value><![CDATA[23]]></wp:meta_value>
		</wp:postmeta>
		<wp:postmeta>
			<wp:meta_key>_menu_item_object</wp:meta_key>
			<wp:meta_value><![CDATA[custom]]></wp:meta_value>
		</wp:postmeta>
		<wp:postmeta>
			<wp:meta_key>_menu_item_target</wp:meta_key>
			<wp:meta_value><![CDATA[]]></wp:meta_value>
		</wp:postmeta>
		<wp:postmeta>
			<wp:meta_key>_menu_item_classes</wp:meta_key>
			<wp:meta_value><![CDATA[a:1:{i:0;s:0:"";}]]></wp:meta_value>
		</wp:postmeta>
		<wp:postmeta>
			<wp:meta_key>_menu_item_xfn</wp:meta_key>
			<wp:meta_value><![CDATA[]]></wp:meta_value>
		</wp:postmeta>
		<wp:postmeta>
			<wp:meta_key>_menu_item_url</wp:meta_key>
			<wp:meta_value><![CDATA[https://facebook.com]]></wp:meta_value>
		</wp:postmeta>
		<wp:postmeta>
			<wp:meta_key>_menu_item_content</wp:meta_key>
			<wp:meta_value><![CDATA[]]></wp:meta_value>
		</wp:postmeta>
	</item>
	<item>
		<title>Twitter</title>
		<link>https://indimedia203028101.wordpress.com/2020/09/18/twitter/</link>
		<pubDate>Fri, 18 Sep 2020 07:52:22 +0000</pubDate>
		<dc:creator>trickstah2277</dc:creator>
		<guid isPermaLink="false">https://indimedia203028101.wordpress.com/2020/09/18/twitter/</guid>
		<description></description>
		<content:encoded><![CDATA[]]></content:encoded>
		<excerpt:encoded><![CDATA[]]></excerpt:encoded>
		<wp:post_id>24</wp:post_id>
		<wp:post_date>2020-09-18 07:52:22</wp:post_date>
		<wp:post_date_gmt>2020-09-18 07:52:22</wp:post_date_gmt>
		<wp:comment_status>closed</wp:comment_status>
		<wp:ping_status>closed</wp:ping_status>
		<wp:post_name>twitter</wp:post_name>
		<wp:status>publish</wp:status>
		<wp:post_parent>0</wp:post_parent>
		<wp:menu_order>2</wp:menu_order>
		<wp:post_type>nav_menu_item</wp:post_type>
		<wp:post_password></wp:post_password>
		<wp:is_sticky>0</wp:is_sticky>
		<category domain="nav_menu" nicename="social"><![CDATA[Social]]></category>
		<wp:postmeta>
			<wp:meta_key>_publicize_pending</wp:meta_key>
			<wp:meta_value><![CDATA[1]]></wp:meta_value>
		</wp:postmeta>
		<wp:postmeta>
			<wp:meta_key>_menu_item_type</wp:meta_key>
			<wp:meta_value><![CDATA[custom]]></wp:meta_value>
		</wp:postmeta>
		<wp:postmeta>
			<wp:meta_key>_menu_item_menu_item_parent</wp:meta_key>
			<wp:meta_value><![CDATA[0]]></wp:meta_value>
		</wp:postmeta>
		<wp:postmeta>
			<wp:meta_key>_menu_item_object_id</wp:meta_key>
			<wp:meta_value><![CDATA[24]]></wp:meta_value>
		</wp:postmeta>
		<wp:postmeta>
			<wp:meta_key>_menu_item_object</wp:meta_key>
			<wp:meta_value><![CDATA[custom]]></wp:meta_value>
		</wp:postmeta>
		<wp:postmeta>
			<wp:meta_key>_menu_item_target</wp:meta_key>
			<wp:meta_value><![CDATA[]]></wp:meta_value>
		</wp:postmeta>
		<wp:postmeta>
			<wp:meta_key>_menu_item_classes</wp:meta_key>
			<wp:meta_value><![CDATA[a:1:{i:0;s:0:"";}]]></wp:meta_value>
		</wp:postmeta>
		<wp:postmeta>
			<wp:meta_key>_menu_item_xfn</wp:meta_key>
			<wp:meta_value><![CDATA[]]></wp:meta_value>
		</wp:postmeta>
		<wp:postmeta>
			<wp:meta_key>_menu_item_url</wp:meta_key>
			<wp:meta_value><![CDATA[https://twitter.com]]></wp:meta_value>
		</wp:postmeta>
		<wp:postmeta>
			<wp:meta_key>_menu_item_content</wp:meta_key>
			<wp:meta_value><![CDATA[]]></wp:meta_value>
		</wp:postmeta>
	</item>
	<item>
		<title>Instagram</title>
		<link>https://indimedia203028101.wordpress.com/2020/09/18/instagram/</link>
		<pubDate>Fri, 18 Sep 2020 07:52:22 +0000</pubDate>
		<dc:creator>trickstah2277</dc:creator>
		<guid isPermaLink="false">https://indimedia203028101.wordpress.com/2020/09/18/instagram/</guid>
		<description></description>
		<content:encoded><![CDATA[]]></content:encoded>
		<excerpt:encoded><![CDATA[]]></excerpt:encoded>
		<wp:post_id>25</wp:post_id>
		<wp:post_date>2020-09-18 07:52:22</wp:post_date>
		<wp:post_date_gmt>2020-09-18 07:52:22</wp:post_date_gmt>
		<wp:comment_status>closed</wp:comment_status>
		<wp:ping_status>closed</wp:ping_status>
		<wp:post_name>instagram</wp:post_name>
		<wp:status>publish</wp:status>
		<wp:post_parent>0</wp:post_parent>
		<wp:menu_order>3</wp:menu_order>
		<wp:post_type>nav_menu_item</wp:post_type>
		<wp:post_password></wp:post_password>
		<wp:is_sticky>0</wp:is_sticky>
		<category domain="nav_menu" nicename="social"><![CDATA[Social]]></category>
		<wp:postmeta>
			<wp:meta_key>_publicize_pending</wp:meta_key>
			<wp:meta_value><![CDATA[1]]></wp:meta_value>
		</wp:postmeta>
		<wp:postmeta>
			<wp:meta_key>_menu_item_type</wp:meta_key>
			<wp:meta_value><![CDATA[custom]]></wp:meta_value>
		</wp:postmeta>
		<wp:postmeta>
			<wp:meta_key>_menu_item_menu_item_parent</wp:meta_key>
			<wp:meta_value><![CDATA[0]]></wp:meta_value>
		</wp:postmeta>
		<wp:postmeta>
			<wp:meta_key>_menu_item_object_id</wp:meta_key>
			<wp:meta_value><![CDATA[25]]></wp:meta_value>
		</wp:postmeta>
		<wp:postmeta>
			<wp:meta_key>_menu_item_object</wp:meta_key>
			<wp:meta_value><![CDATA[custom]]></wp:meta_value>
		</wp:postmeta>
		<wp:postmeta>
			<wp:meta_key>_menu_item_target</wp:meta_key>
			<wp:meta_value><![CDATA[]]></wp:meta_value>
		</wp:postmeta>
		<wp:postmeta>
			<wp:meta_key>_menu_item_classes</wp:meta_key>
			<wp:meta_value><![CDATA[a:1:{i:0;s:0:"";}]]></wp:meta_value>
		</wp:postmeta>
		<wp:postmeta>
			<wp:meta_key>_menu_item_xfn</wp:meta_key>
			<wp:meta_value><![CDATA[]]></wp:meta_value>
		</wp:postmeta>
		<wp:postmeta>
			<wp:meta_key>_menu_item_url</wp:meta_key>
			<wp:meta_value><![CDATA[https://instagram.com]]></wp:meta_value>
		</wp:postmeta>
		<wp:postmeta>
			<wp:meta_key>_menu_item_content</wp:meta_key>
			<wp:meta_value><![CDATA[]]></wp:meta_value>
		</wp:postmeta>
	</item>
	<item>
		<title>Pinterest</title>
		<link>https://indimedia203028101.wordpress.com/2020/09/18/pinterest/</link>
		<pubDate>Fri, 18 Sep 2020 07:52:22 +0000</pubDate>
		<dc:creator>trickstah2277</dc:creator>
		<guid isPermaLink="false">https://indimedia203028101.wordpress.com/2020/09/18/pinterest/</guid>
		<description></description>
		<content:encoded><![CDATA[]]></content:encoded>
		<excerpt:encoded><![CDATA[]]></excerpt:encoded>
		<wp:post_id>26</wp:post_id>
		<wp:post_date>2020-09-18 07:52:22</wp:post_date>
		<wp:post_date_gmt>2020-09-18 07:52:22</wp:post_date_gmt>
		<wp:comment_status>closed</wp:comment_status>
		<wp:ping_status>closed</wp:ping_status>
		<wp:post_name>pinterest</wp:post_name>
		<wp:status>publish</wp:status>
		<wp:post_parent>0</wp:post_parent>
		<wp:menu_order>4</wp:menu_order>
		<wp:post_type>nav_menu_item</wp:post_type>
		<wp:post_password></wp:post_password>
		<wp:is_sticky>0</wp:is_sticky>
		<category domain="nav_menu" nicename="social"><![CDATA[Social]]></category>
		<wp:postmeta>
			<wp:meta_key>_publicize_pending</wp:meta_key>
			<wp:meta_value><![CDATA[1]]></wp:meta_value>
		</wp:postmeta>
		<wp:postmeta>
			<wp:meta_key>_menu_item_type</wp:meta_key>
			<wp:meta_value><![CDATA[custom]]></wp:meta_value>
		</wp:postmeta>
		<wp:postmeta>
			<wp:meta_key>_menu_item_menu_item_parent</wp:meta_key>
			<wp:meta_value><![CDATA[0]]></wp:meta_value>
		</wp:postmeta>
		<wp:postmeta>
			<wp:meta_key>_menu_item_object_id</wp:meta_key>
			<wp:meta_value><![CDATA[26]]></wp:meta_value>
		</wp:postmeta>
		<wp:postmeta>
			<wp:meta_key>_menu_item_object</wp:meta_key>
			<wp:meta_value><![CDATA[custom]]></wp:meta_value>
		</wp:postmeta>
		<wp:postmeta>
			<wp:meta_key>_menu_item_target</wp:meta_key>
			<wp:meta_value><![CDATA[]]></wp:meta_value>
		</wp:postmeta>
		<wp:postmeta>
			<wp:meta_key>_menu_item_classes</wp:meta_key>
			<wp:meta_value><![CDATA[a:1:{i:0;s:0:"";}]]></wp:meta_value>
		</wp:postmeta>
		<wp:postmeta>
			<wp:meta_key>_menu_item_xfn</wp:meta_key>
			<wp:meta_value><![CDATA[]]></wp:meta_value>
		</wp:postmeta>
		<wp:postmeta>
			<wp:meta_key>_menu_item_url</wp:meta_key>
			<wp:meta_value><![CDATA[https://pinterest.com]]></wp:meta_value>
		</wp:postmeta>
		<wp:postmeta>
			<wp:meta_key>_menu_item_content</wp:meta_key>
			<wp:meta_value><![CDATA[]]></wp:meta_value>
		</wp:postmeta>
	</item>
	<item>
		<title>WordPress</title>
		<link>https://indimedia203028101.wordpress.com/2020/09/18/wordpress/</link>
		<pubDate>Fri, 18 Sep 2020 07:52:22 +0000</pubDate>
		<dc:creator>trickstah2277</dc:creator>
		<guid isPermaLink="false">https://indimedia203028101.wordpress.com/2020/09/18/wordpress/</guid>
		<description></description>
		<content:encoded><![CDATA[]]></content:encoded>
		<excerpt:encoded><![CDATA[]]></excerpt:encoded>
		<wp:post_id>27</wp:post_id>
		<wp:post_date>2020-09-18 07:52:22</wp:post_date>
		<wp:post_date_gmt>2020-09-18 07:52:22</wp:post_date_gmt>
		<wp:comment_status>closed</wp:comment_status>
		<wp:ping_status>closed</wp:ping_status>
		<wp:post_name>wordpress</wp:post_name>
		<wp:status>publish</wp:status>
		<wp:post_parent>0</wp:post_parent>
		<wp:menu_order>5</wp:menu_order>
		<wp:post_type>nav_menu_item</wp:post_type>
		<wp:post_password></wp:post_password>
		<wp:is_sticky>0</wp:is_sticky>
		<category domain="nav_menu" nicename="social"><![CDATA[Social]]></category>
		<wp:postmeta>
			<wp:meta_key>_publicize_pending</wp:meta_key>
			<wp:meta_value><![CDATA[1]]></wp:meta_value>
		</wp:postmeta>
		<wp:postmeta>
			<wp:meta_key>_menu_item_type</wp:meta_key>
			<wp:meta_value><![CDATA[custom]]></wp:meta_value>
		</wp:postmeta>
		<wp:postmeta>
			<wp:meta_key>_menu_item_menu_item_parent</wp:meta_key>
			<wp:meta_value><![CDATA[0]]></wp:meta_value>
		</wp:postmeta>
		<wp:postmeta>
			<wp:meta_key>_menu_item_object_id</wp:meta_key>
			<wp:meta_value><![CDATA[27]]></wp:meta_value>
		</wp:postmeta>
		<wp:postmeta>
			<wp:meta_key>_menu_item_object</wp:meta_key>
			<wp:meta_value><![CDATA[custom]]></wp:meta_value>
		</wp:postmeta>
		<wp:postmeta>
			<wp:meta_key>_menu_item_target</wp:meta_key>
			<wp:meta_value><![CDATA[]]></wp:meta_value>
		</wp:postmeta>
		<wp:postmeta>
			<wp:meta_key>_menu_item_classes</wp:meta_key>
			<wp:meta_value><![CDATA[a:1:{i:0;s:0:"";}]]></wp:meta_value>
		</wp:postmeta>
		<wp:postmeta>
			<wp:meta_key>_menu_item_xfn</wp:meta_key>
			<wp:meta_value><![CDATA[]]></wp:meta_value>
		</wp:postmeta>
		<wp:postmeta>
			<wp:meta_key>_menu_item_url</wp:meta_key>
			<wp:meta_value><![CDATA[https://wordpress.com]]></wp:meta_value>
		</wp:postmeta>
		<wp:postmeta>
			<wp:meta_key>_menu_item_content</wp:meta_key>
			<wp:meta_value><![CDATA[]]></wp:meta_value>
		</wp:postmeta>
	</item>
	<item>
		<title>Placeholder Image</title>
		<link>https://indimedia203028101.wordpress.com/placeholder-image/</link>
		<pubDate>Fri, 18 Sep 2020 07:52:22 +0000</pubDate>
		<dc:creator>trickstah2277</dc:creator>
		<guid isPermaLink="false">http://indimedia203028101.files.wordpress.com/2020/09/qi-bin-w4hbafegiac-unsplash.jpg</guid>
		<description></description>
		<content:encoded><![CDATA[]]></content:encoded>
		<excerpt:encoded><![CDATA[]]></excerpt:encoded>
		<wp:post_id>28</wp:post_id>
		<wp:post_date>2020-09-18 07:52:22</wp:post_date>
		<wp:post_date_gmt>2020-09-18 07:52:22</wp:post_date_gmt>
		<wp:comment_status>open</wp:comment_status>
		<wp:ping_status>closed</wp:ping_status>
		<wp:post_name>placeholder-image</wp:post_name>
		<wp:status>inherit</wp:status>
		<wp:post_parent>0</wp:post_parent>
		<wp:menu_order>0</wp:menu_order>
		<wp:post_type>attachment</wp:post_type>
		<wp:post_password></wp:post_password>
		<wp:is_sticky>0</wp:is_sticky>
		<wp:attachment_url>https://indimedia203028101.files.wordpress.com/2020/09/qi-bin-w4hbafegiac-unsplash.jpg</wp:attachment_url>
		<wp:postmeta>
			<wp:meta_key>_wp_attached_file</wp:meta_key>
			<wp:meta_value><![CDATA[/home/wpcom/public_html/wp-content/blogs.dir/4b1/183007269/files/2020/09/qi-bin-w4hbafegiac-unsplash.jpg]]></wp:meta_value>
		</wp:postmeta>
		<wp:postmeta>
			<wp:meta_key>_wp_attachment_metadata</wp:meta_key>
			<wp:meta_value><![CDATA[a:6:{s:5:"width";i:1600;s:6:"height";i:1066;s:4:"file";s:104:"/home/wpcom/public_html/wp-content/blogs.dir/4b1/183007269/files/2020/09/qi-bin-w4hbafegiac-unsplash.jpg";s:5:"sizes";a:0:{}s:10:"image_meta";a:12:{s:8:"aperture";s:1:"0";s:6:"credit";s:0:"";s:6:"camera";s:0:"";s:7:"caption";s:0:"";s:17:"created_timestamp";s:1:"0";s:9:"copyright";s:0:"";s:12:"focal_length";s:1:"0";s:3:"iso";s:1:"0";s:13:"shutter_speed";s:1:"0";s:5:"title";s:0:"";s:11:"orientation";s:1:"0";s:8:"keywords";a:0:{}}s:8:"filesize";i:50995;}]]></wp:meta_value>
		</wp:postmeta>
	</item>
	<item>
		<title>Placeholder Image</title>
		<link>https://indimedia203028101.wordpress.com/placeholder-image-2/</link>
		<pubDate>Fri, 18 Sep 2020 07:52:23 +0000</pubDate>
		<dc:creator>trickstah2277</dc:creator>
		<guid isPermaLink="false">http://indimedia203028101.files.wordpress.com/2020/09/rachel-pfuetzner-0fn7fxv1ewa-unsplash.jpg</guid>
		<description></description>
		<content:encoded><![CDATA[]]></content:encoded>
		<excerpt:encoded><![CDATA[]]></excerpt:encoded>
		<wp:post_id>31</wp:post_id>
		<wp:post_date>2020-09-18 09:52:23</wp:post_date>
		<wp:post_date_gmt>2020-09-18 07:52:23</wp:post_date_gmt>
		<wp:comment_status>open</wp:comment_status>
		<wp:ping_status>closed</wp:ping_status>
		<wp:post_name>placeholder-image-2</wp:post_name>
		<wp:status>inherit</wp:status>
		<wp:post_parent>0</wp:post_parent>
		<wp:menu_order>0</wp:menu_order>
		<wp:post_type>attachment</wp:post_type>
		<wp:post_password></wp:post_password>
		<wp:is_sticky>0</wp:is_sticky>
		<wp:attachment_url>https://indimedia203028101.files.wordpress.com/2020/09/rachel-pfuetzner-0fn7fxv1ewa-unsplash.jpg</wp:attachment_url>
		<wp:postmeta>
			<wp:meta_key>_wp_attached_file</wp:meta_key>
			<wp:meta_value><![CDATA[/home/wpcom/public_html/wp-content/blogs.dir/4b1/183007269/files/2020/09/rachel-pfuetzner-0fn7fxv1ewa-unsplash.jpg]]></wp:meta_value>
		</wp:postmeta>
		<wp:postmeta>
			<wp:meta_key>_wp_attachment_metadata</wp:meta_key>
			<wp:meta_value><![CDATA[a:6:{s:5:"width";i:1560;s:6:"height";i:1560;s:4:"file";s:114:"/home/wpcom/public_html/wp-content/blogs.dir/4b1/183007269/files/2020/09/rachel-pfuetzner-0fn7fxv1ewa-unsplash.jpg";s:5:"sizes";a:0:{}s:10:"image_meta";a:12:{s:8:"aperture";s:1:"0";s:6:"credit";s:0:"";s:6:"camera";s:0:"";s:7:"caption";s:0:"";s:17:"created_timestamp";s:1:"0";s:9:"copyright";s:0:"";s:12:"focal_length";s:1:"0";s:3:"iso";s:1:"0";s:13:"shutter_speed";s:1:"0";s:5:"title";s:0:"";s:11:"orientation";s:1:"1";s:8:"keywords";a:0:{}}s:8:"filesize";i:56258;}]]></wp:meta_value>
		</wp:postmeta>
	</item>
</channel>
</rss>
